gameId,gameDateTimeEst,hometeamCity,hometeamName,hometeamId,awayteamCity,awayteamName,awayteamId,homeScore,awayScore,winner,gameType,gameSubtype,gameLabel,gameSubLabel,seriesGameNumber,attendance,arenaId,arenaName,arenaCity,arenaState,officials,gameDate
62500002,2027-10-13 21:30:00,Melbourne,United,15016,New York,Knicks,1610612752,113,100,15016,Regular Season,,Regular Season,,,17006,,Melbourne Arena,Melbourne,,"Brent Haskill, Jason Goldenberg, Chelisa Painter",2027-10-13 21:30:00
62500003,2028-05-04 19:00:00,San Antonio,Spurs,1610612759,Guangzhou,Loong-Lions,15018,90,106,15018,Regular Season,,Regular Season,,,15767,1000118,Frost Bank Center,San Antonio,TX,"Mark Lindsay, Scott Foster, Dedric Taylor",2028-05-04 19:00:00
62500004,2028-01-10 21:30:00,Oklahoma City,Thunder,1610612760,,Team T-Mac,1610616864,128,113,1610612760,Regular Season,,Regular Season,,,16805,1000052,Paycom Center,Oklahoma City,OK,"Mitchell Ervin, Brandon Schwab, Ed Malloy, Tyler Ford",2028-01-10 21:30:00
62500005,2028-03-23 20:00:00,Buffalo,Braves,1610612746,Indiana,Pacers,1610612754,97,95,1610612746,Regular Season,,Regular Season,,,16763,100,,,,"Jason Goldenberg, Brian Forte, Ashley Moyer-Gleich",2028-03-23 20:00:00
62500006,2028-03-25 20:30:00,Philadelphia,76ers,1610612755,Vancouver,Grizzlies,1610612763,109,80,1610612755,Regular Season,,Regular Season,,,15355,1000152,Xfinity Mobile Arena,Philadelphia,PA,"Andy Nagy, Robert Hussey, Ashley Moyer-Gleich, Brandon Adair",2028-03-25 20:30:00
62500007,2028-04-03 20:00:00,,Team T-Mac,1610616864,San Diego,Clippers,1610612746,117,81,1610616864,Regular Season,,Regular Season,,,15569,1000137,Intuit Dome,Inglewood,CA,"Mark Lindsay, Kevin Scott, Brandon Adair",2028-04-03 20:00:00
62500008,2028-04-12 20:30:00,Portland,Trail Blazers,1610612757,Philadelphia,76ers,1610612755,93,82,1610612757,Regular Season,,Regular Season,,,17988,51,Moda Center,Portland,OR,"Danielle Scott, Eric Dalen, Brent Barnaky",2028-04-12 20:30:00
62500009,2027-11-06 20:00:00,Seattle,SuperSonics,1610612760,Charlotte,Hornets,1610612766,97,110,1610612766,Regular Season,,Regular Season,,,19375,72,,,,"Tyler Ford, Marc Davis, Ashley Moyer-Gleich",2027-11-06 20:00:00
62500010,2028-01-21 21:30:00,Charlotte,Hornets,1610612766,Melbourne,United,15016,98,104,15016,Regular Season,,Regular Season,,,15458,9,Spectrum Center,Charlotte,NC,"Nate Cearley, Phenizee Ransom, Marat Kogut",2028-01-21 21:30:00
62500011,2028-01-17 20:30:00,Charlotte,Hornets,1610612766,Minnesota,Timberwolves,1610612750,97,115,1610612750,Regular Season,,Regular Season,,,16741,9,Spectrum Center,Charlotte,NC,"Karl Lane, Derrick Collins, Courtney Kirkland, Klajdi Mulla",2028-01-17 20:30:00
62500012,2028-02-12 21:30:00,Toronto,Raptors,1610612761,Phoenix,Suns,1610612756,97,128,1610612756,Regular Season,,Regular Season,,,19780,643,Scotiabank Arena,Toronto,ON,"Jenna Schroeder, JD Ralls, Brent Haskill, Sean Wright",2028-02-12 21:30:00
62500013,2027-10-25 22:00:00,,Stars,1610616859,San Antonio,Spurs,1610612759,98,102,1610612759,Regular Season,,Regular Season,,,16252,1000137,Intuit Dome,Inglewood,CA,"Jenna Reneau, JB DeRosa, John Goble",2027-10-25 22:00:00
62500014,2028-05-27 20:30:00,New Orleans,Jazz,1610612762,South East Melbourne,Phoenix,50013,117,85,1610612762,Regular Season,,Regular Season,,,19532,1000106,Delta Center,Salt Lake City,UT,"James Williams, Andy Nagy, Biniam Maru",2028-05-27 20:30:00
62500015,2028-03-23 19:30:00,Tri-Cities,Blackhawks,1610612737,Charlotte,Bobcats,1610612766,145,119,1610612737,Regular Season,,Regular Season,,,18561,0,,,,"Derrick Collins, Ed Malloy, Klajdi Mulla",2028-03-23 19:30:00
62500016,2027-12-31 20:00:00,,World,1610616861,Chicago,Packers,1610612764,116,104,1610616861,Regular Season,,Regular Season,,,17444,,nan Arena,,,"Sean Corbin, Danielle Scott, Tyler Ford",2027-12-31 20:00:00
62500017,2027-10-01 20:30:00,,Team Vince,1610616863,Tri-Cities,Blackhawks,1610612737,91,80,1610616863,Regular Season,,Regular Season,,,19002,,nan Arena,,,"James Williams, Jenna Schroeder, James Capers",2027-10-01 20:30:00
62500018,2028-02-01 20:00:00,Phoenix,Suns,1610612756,Ft. Wayne Zollner,Pistons,1610612765,99,117,1610612765,Regular Season,,Regular Season,,,15701,1000159,Mortgage Matchup Center,Phoenix,AZ,"John Goble, Andy Nagy, Mousa Dagher, Josh Tiven",2028-02-01 20:00:00
62500019,2028-02-13 20:30:00,,Team T-Mac,1610616864,Boston,Celtics,1610612738,89,104,1610612738,Regular Season,,Regular Season,,,16735,1000137,Intuit Dome,Inglewood,CA,"James Capers, Marat Kogut, Danielle Scott",2028-02-13 20:30:00
62500020,2028-05-19 19:00:00,Milwaukee,Bucks,1610612749,,Team Melo,1610616862,96,111,1610616862,Regular Season,,Regular Season,,,16840,642,Fiserv Forum,Milwaukee,WI,"Jacyn Goble, Matt Myers, Mitchell Ervin",2028-05-19 19:00:00
62500021,2027-10-04 19:00:00,,Team T-Mac,1610616864,Portland,Trail Blazers,1610612757,114,113,1610616864,Regular Season,,Regular Season,,,16875,1000137,Intuit Dome,Inglewood,CA,"Nate Cearley, Gina Catanzariti, John Butler",2027-10-04 19:00:00
62500022,2028-02-20 21:30:00,,World,1610616861,Phoenix,Suns,1610612756,94,98,1610612756,Regular Season,,Regular Season,,,16755,,nan Arena,,,"Ben Taylor, Josh Tiven, Tyler Ricks",2028-02-20 21:30:00
62500023,2028-01-06 19:00:00,,Stripes,1610616860,Washington,Wizards,1610612764,84,117,1610612764,Regular Season,,Regular Season,,,18531,1000137,Intuit Dome,Inglewood,CA,"Jenna Reneau, Tre Maddox, Marc Davis",2028-01-06 19:00:00
62500024,2027-11-20 19:30:00,Syracuse,Nationals,1610612755,Ft. Wayne Zollner,Pistons,1610612765,90,85,1610612755,Regular Season,,Regular Season,,,17779,0,,,,"Tyler Ricks, Natalie Sago, Andy Nagy",2027-11-20 19:30:00
62500025,2028-05-04 19:30:00,Milwaukee,Bucks,1610612749,Toronto,Raptors,1610612761,117,106,1610612749,Regular Season,,Regular Season,,,18789,642,Fiserv Forum,Milwaukee,WI,"John Butler, J.T. Orr, Eric Lewis",2028-05-04 19:30:00
62500026,2027-10-08 19:00:00,Philadelphia,76ers,1610612755,Ft. Wayne Zollner,Pistons,1610612765,111,93,1610612755,Regular Season,,Regular Season,,,16362,1000152,Xfinity Mobile Arena,Philadelphia,PA,"Simone Jelks, Intae Hwang, David Guthrie, Marat Kogut",2027-10-08 19:00:00
62500027,2028-04-12 19:30:00,Ft. Wayne Zollner,Pistons,1610612765,Boston,Celtics,1610612738,127,107,1610612765,Regular Season,,Regular Season,,,17172,624,Little Caesars Arena,Detroit,MI,"Nick Buchert, Jenna Reneau, Dannica Baroody, Simone Jelks",2028-04-12 19:30:00
62500028,2028-02-29 19:00:00,Orlando,Magic,1610612753,Denver,Nuggets,1610612743,80,113,1610612743,Regular Season,,Regular Season,,,19744,1000125,Kia Center,Orlando,FL,"Phenizee Ransom, Matt Kallio, Sha'Rae Mitchell",2028-02-29 19:00:00
62500029,2028-06-14 22:00:00,Guangzhou,Loong-Lions,15018,,Stripes,1610616860,85,117,1610616860,Regular Season,,Regular Season,,,15465,,Guangzhou Arena,Guangzhou,,"Jonathan Sterling, John Goble, JB DeRosa",2028-06-14 22:00:00
62500030,2028-01-29 20:00:00,Minnesota,Timberwolves,1610612750,Baltimore,Bullets,1610612764,102,107,1610612764,Regular Season,,Regular Season,,,19666,61,Target Center,Minneapolis,MN,"Scott Twardoski, JB DeRosa, Pat O'Connell",2028-01-29 20:00:00
62500031,2028-05-02 21:30:00,Hapoel,Jerusalem B.C.,50014,San Antonio,Spurs,1610612759,94,112,1610612759,Regular Season,,Regular Season,,,17136,,Hapoel Arena,Hapoel,,"Phenizee Ransom, Che Flores, Klajdi Mulla",2028-05-02 21:30:00
62500032,2028-03-02 20:30:00,Kansas City-Omaha,Kings,1610612758,Toronto,Raptors,1610612761,94,95,1610612761,Playoffs,,West Conf. Finals,West Conf. Finals,Game 6,15594,609,Golden 1 Center,Sacramento,CA,"Derrick Collins, Bill Kennedy, Curtis Blair",2028-03-02 20:30:00
62500033,2028-01-18 20:30:00,Philadelphia,76ers,1610612755,Minnesota,Timberwolves,1610612750,113,118,1610612750,Regular Season,,Regular Season,,,16085,1000152,Xfinity Mobile Arena,Philadelphia,PA,"John Goble, Tyler Ricks, Danielle Scott",2028-01-18 20:30:00
62500034,2028-05-12 22:30:00,San Diego,Clippers,1610612746,Boston,Celtics,1610612738,98,109,1610612738,Regular Season,,Regular Season,,,19333,1000137,Intuit Dome,Inglewood,CA,"Eric Lewis, Zach Zarba, Jason Goldenberg",2028-05-12 22:30:00
62500035,2027-11-29 19:00:00,Toronto,Raptors,1610612761,Philadelphia,Warriors,1610612744,125,104,1610612761,Regular Season,,Regular Season,,,17231,643,Scotiabank Arena,Toronto,ON,"Dedric Taylor, Brent Barnaky, Jacyn Goble",2027-11-29 19:00:00
62500036,2028-02-13 20:30:00,Milwaukee,Hawks,1610612737,Baltimore,Bullets,1610612764,95,97,1610612764,Regular Season,,Regular Season,,,17057,650,State Farm Arena,Atlanta,GA,"Brian Forte, John Conley, Jenna Reneau",2028-02-13 20:30:00
62500037,2027-10-02 20:00:00,Charlotte,Hornets,1610612766,Cleveland,Cavaliers,1610612739,124,98,1610612766,Regular Season,,Regular Season,,,17145,9,Spectrum Center,Charlotte,NC,"J.T. Orr, Eric Lewis, Jenna Reneau",2027-10-02 20:00:00
62500038,2027-11-27 19:00:00,,Team T-Mac,1610616864,Minneapolis,Lakers,1610612747,106,99,1610616864,Regular Season,,Regular Season,,,19469,1000137,Intuit Dome,Inglewood,CA,"Danielle Scott, Scott Twardoski, Eric Lewis",2027-11-27 19:00:00
62500039,2027-12-05 19:30:00,Orlando,Magic,1610612753,Indiana,Pacers,1610612754,100,98,1610612753,Regular Season,,Regular Season,,,17987,1000125,Kia Center,Orlando,FL,"Eric Dalen, Brent Barnaky, Tyler Ricks",2027-12-05 19:30:00
62500040,2028-03-30 22:30:00,Seattle,SuperSonics,1610612760,Philadelphia,76ers,1610612755,103,108,1610612755,Regular Season,,Regular Season,,,16266,72,,,,"Tyler Ford, Leon Wood, Tre Maddox",2028-03-30 22:30:00
62500041,2028-04-28 22:00:00,Oklahoma City,Thunder,1610612760,San Diego,Rockets,1610612745,92,122,1610612745,Playoffs,,West Conf. Finals,West Conf. Finals,Game 3,17185,1000052,Paycom Center,Oklahoma City,OK,"Jason Goldenberg, Ashley Moyer-Gleich, Nate Cearley",2028-04-28 22:00:00
62500042,2028-01-11 22:30:00,,Stripes,1610616860,Portland,Trail Blazers,1610612757,80,102,1610612757,Regular Season,,Regular Season,,,17864,1000137,Intuit Dome,Inglewood,CA,"Mark Lindsay, JD Ralls, Kevin Cutler",2028-01-11 22:30:00
62500043,2028-04-22 20:30:00,Seattle,SuperSonics,1610612760,Denver,Nuggets,1610612743,107,96,1610612760,Regular Season,,Regular Season,,,15568,72,,,,"Brett Nansel, Sean Wright, Marat Kogut",2028-04-22 20:30:00
62500044,2028-03-18 19:00:00,Baltimore,Bullets,1610612764,,Team Vince,1610616863,103,106,1610616863,Regular Season,,Regular Season,,,17139,74,,,,"Scott Twardoski, Klajdi Mulla, Nate Cearley",2028-03-18 19:00:00
62500045,2028-05-10 20:30:00,Philadelphia,76ers,1610612755,South East Melbourne,Phoenix,50013,110,102,1610612755,Regular Season,,Regular Season,,,18574,1000152,Xfinity Mobile Arena,Philadelphia,PA,"Tony Brothers, Ben Taylor, Natalie Sago",2028-05-10 20:30:00
62500046,2028-05-11 19:00:00,Philadelphia,Warriors,1610612744,Cleveland,Cavaliers,1610612739,122,112,1610612744,Regular Season,,Regular Season,,,17983,1000011,Chase Center,San Francisco,CA,"John Goble, Gina Catanzariti, Bill Kennedy, Phenizee Ransom",2028-05-11 19:00:00
62500047,2028-03-02 20:30:00,Seattle,SuperSonics,1610612760,New York,Knicks,1610612752,94,121,1610612752,Regular Season,,Regular Season,,,18345,72,,,,"Marat Kogut, Kevin Scott, Eric Lewis",2028-03-02 20:30:00
62500048,2028-05-03 21:30:00,Toronto,Raptors,1610612761,Denver,Nuggets,1610612743,114,133,1610612743,Regular Season,,Regular Season,,,16425,643,Scotiabank Arena,Toronto,ON,"Marat Kogut, Eric Lewis, Ed Malloy",2028-05-03 21:30:00
62500049,2028-01-16 20:30:00,Miami,Heat,1610612748,San Diego,Clippers,1610612746,98,115,1610612746,Regular Season,,Regular Season,,,18809,1000100,Kaseya Center,Miami,FL,"J.T. Orr, David Guthrie, Sean Wright, Josh Tiven",2028-01-16 20:30:00
62500050,2027-11-13 20:30:00,Chicago,Zephyrs,1610612764,Boston,Celtics,1610612738,107,95,1610612764,Regular Season,,Regular Season,,,15765,0,,,,"James Capers, JD Ralls, Pat Fraher",2027-11-13 20:30:00
62500051,2027-10-24 19:30:00,Orlando,Magic,1610612753,Oklahoma City,Thunder,1610612760,106,97,1610612753,Regular Season,,Regular Season,,,15596,1000125,Kia Center,Orlando,FL,"Aaron Smith, Ray Acosta, Ben Taylor, Natalie Sago",2027-10-24 19:30:00
62500052,2028-04-14 20:30:00,Rochester,Royals,1610612758,Buffalo,Braves,1610612746,90,109,1610612746,Regular Season,,Regular Season,,,16998,0,,,,"Ed Malloy, Jason Goldenberg, Jenna Reneau",2028-04-14 20:30:00
62500053,2028-05-25 19:00:00,Portland,Trail Blazers,1610612757,San Diego,Rockets,1610612745,114,100,1610612757,Regular Season,,Regular Season,,,15994,51,Moda Center,Portland,OR,"Brent Haskill, Marc Davis, Suyash Mehta, Dannica Baroody",2028-05-25 19:00:00
62500054,2028-06-15 20:30:00,South East Melbourne,Phoenix,50013,Dallas,Mavericks,1610612742,94,97,1610612742,Playoffs,,NBA Finals,NBA Finals,Game 4,16303,,South East Melbourne Arena,South East Melbourne,,"CJ Washington, Klajdi Mulla, Tyler Ricks, John Conley",2028-06-15 20:30:00
62500055,2028-06-05 21:00:00,Charlotte,Hornets,1610612766,Tri-Cities,Blackhawks,1610612737,100,110,1610612737,Regular Season,,Regular Season,,,17249,9,Spectrum Center,Charlotte,NC,"John Butler, Nick Buchert, Che Flores, Biniam Maru",2028-06-05 21:00:00
62500056,2027-11-11 19:00:00,Chicago,Bulls,1610612741,Dallas,Mavericks,1610612742,109,120,1610612742,Regular Season,,Regular Season,,,16894,66,United Center,Chicago,IL,"Sean Corbin, David Guthrie, John Goble, Aaron Smith",2027-11-11 19:00:00
62500057,2028-05-26 20:00:00,Washington,Wizards,1610612764,Chicago,Bulls,1610612741,101,99,1610612764,Regular Season,,Regular Season,,,16694,77,Capital One Arena,Washington,DC,"Tony Brothers, Scott Twardoski, Matt Myers, Ben Taylor",2028-05-26 20:00:00
62500058,2027-10-04 20:30:00,New Orleans,Jazz,1610612762,,Stripes,1610616860,109,113,1610616860,Regular Season,,Regular Season,,,18194,1000106,Delta Center,Salt Lake City,UT,"Andy Nagy, Chelisa Painter, Dedric Taylor, JD Ralls",2027-10-04 20:30:00
62500059,2028-02-17 20:30:00,,Stars,1610616859,Portland,Trail Blazers,1610612757,124,90,1610616859,Regular Season,,Regular Season,,,15237,1000137,Intuit Dome,Inglewood,CA,"Jacyn Goble, Marat Kogut, Rodney Mott, Marc Davis",2028-02-17 20:30:00
62500060,2027-10-14 20:00:00,Toronto,Raptors,1610612761,Hapoel,Jerusalem B.C.,50014,109,107,1610612761,Regular Season,,Regular Season,,,15687,643,Scotiabank Arena,Toronto,ON,"Brent Haskill, Marc Davis, Jonathan Sterling, Sha'Rae Mitchell",2027-10-14 20:00:00
62500061,2028-03-16 19:30:00,Philadelphia,Warriors,1610612744,New Orleans,Jazz,1610612762,109,114,1610612762,Regular Season,,Regular Season,,,17677,1000011,Chase Center,San Francisco,CA,"Ashley Moyer-Gleich, Brandon Schwab, Aaron Smith",2028-03-16 19:30:00
62500062,2028-05-28 19:00:00,Philadelphia,Warriors,1610612744,San Antonio,Spurs,1610612759,110,92,1610612744,Regular Season,,Regular Season,,,17866,1000011,Chase Center,San Francisco,CA,"John Goble, Pat O'Connell, Kevin Cutler",2028-05-28 19:00:00
62500063,2027-10-11 20:00:00,Phoenix,Suns,1610612756,Denver,Nuggets,1610612743,108,85,1610612756,Regular Season,,Regular Season,,,16954,1000159,Mortgage Matchup Center,Phoenix,AZ,"Josh Tiven, James Williams, Curtis Blair",2027-10-11 20:00:00
62500064,2028-02-09 22:30:00,Milwaukee,Hawks,1610612737,New York,Nets,1610612751,88,111,1610612751,Regular Season,,Regular Season,,,16374,650,State Farm Arena,Atlanta,GA,"Tyler Ford, James Capers, Jason Goldenberg",2028-02-09 22:30:00
62500065,2028-03-08 20:30:00,Guangzhou,Loong-Lions,15018,Oklahoma City,Thunder,1610612760,95,86,15018,Regular Season,,Regular Season,,,18249,,Guangzhou Arena,Guangzhou,,"John Butler, Mitchell Ervin, Ray Acosta",2028-03-08 20:30:00
62500066,2028-03-03 22:00:00,Phoenix,Suns,1610612756,Philadelphia,76ers,1610612755,119,108,1610612756,Regular Season,,Regular Season,,,19636,1000159,Mortgage Matchup Center,Phoenix,AZ,"Brett Nansel, Andy Nagy, Jenna Reneau",2028-03-03 22:00:00
62500067,2027-11-05 20:30:00,Seattle,SuperSonics,1610612760,New Orleans,Pelicans,1610612740,93,104,1610612740,Regular Season,,Regular Season,,,15103,72,,,,"Simone Jelks, Jason Goldenberg, Michael Smith, Jenna Schroeder",2027-11-05 20:30:00
62500068,2027-12-18 20:00:00,Melbourne,United,15016,New York,Nets,1610612751,93,91,15016,Preseason,,Regular Season,,,19274,,Melbourne Arena,Melbourne,,"Marcy Williams, Andy Nagy, Intae Hwang",2027-12-18 20:00:00
62500069,2028-02-15 20:00:00,New York,Nets,1610612751,Indiana,Pacers,1610612754,118,99,1610612751,Regular Season,,Regular Season,,,15709,461,Barclays Center,Brooklyn,NY,"CJ Washington, Tyler Ricks, Marc Davis",2028-02-15 20:00:00
62500070,2028-04-12 20:00:00,,Team Austin,1610616865,Hapoel,Jerusalem B.C.,50014,106,122,50014,Regular Season,,Regular Season,,,19049,,nan Arena,,,"Jonathan Sterling, Simone Jelks, David Guthrie",2028-04-12 20:00:00
62500071,2028-03-23 20:30:00,Vancouver,Grizzlies,1610612763,Philadelphia,Warriors,1610612744,85,102,1610612744,Regular Season,,Regular Season,,,19553,242,FedExForum,Memphis,TN,"Justin Van Duyne, Natalie Sago, Brandon Adair",2028-03-23 20:30:00
62500072,2028-02-01 21:30:00,Phoenix,Suns,1610612756,Syracuse,Nationals,1610612755,90,109,1610612755,Playoffs,,West Conf. Semifinals,West Conf. Semifinals,Game 4,19020,1000159,Mortgage Matchup Center,Phoenix,AZ,"Matt Myers, Brian Forte, Kevin Scott, JD Ralls",2028-02-01 21:30:00
62500073,2028-04-06 20:30:00,Kansas City-Omaha,Kings,1610612758,Buffalo,Braves,1610612746,104,112,1610612746,Playoffs,,West First Round,West First Round,Game 3,18485,609,Golden 1 Center,Sacramento,CA,"Eric Dalen, Derrick Collins, Biniam Maru",2028-04-06 20:30:00
62500074,2028-01-27 19:00:00,Miami,Heat,1610612748,Philadelphia,Warriors,1610612744,93,81,1610612748,Regular Season,,Regular Season,,,17584,1000100,Kaseya Center,Miami,FL,"Andy Nagy, Jonathan Sterling, Natalie Sago",2028-01-27 19:00:00
62500075,2028-06-04 20:30:00,Milwaukee,Hawks,1610612737,Chicago,Zephyrs,1610612764,92,95,1610612764,Regular Season,,Regular Season,,,15823,650,State Farm Arena,Atlanta,GA,"Kevin Scott, Mark Lindsay, Jenna Schroeder",2028-06-04 20:30:00
62500076,2027-10-08 21:00:00,San Diego,Rockets,1610612745,Miami,Heat,1610612748,108,107,1610612745,Regular Season,,Regular Season,,,17247,215,Toyota Center,Houston,TX,"Sha'Rae Mitchell, Eric Lewis, Kevin Scott",2027-10-08 21:00:00
62500077,2028-06-08 19:00:00,Buffalo,Braves,1610612746,Toronto,Raptors,1610612761,109,91,1610612746,Preseason,,Regular Season,,,19702,100,,,,"Josh Tiven, Intae Hwang, J.T. Orr",2028-06-08 19:00:00
62500078,2027-10-27 20:30:00,Chicago,Bulls,1610612741,San Diego,Rockets,1610612745,106,86,1610612741,Regular Season,,Regular Season,,,15934,66,United Center,Chicago,IL,"Marat Kogut, Simone Jelks, John Butler",2027-10-27 20:30:00
62500079,2027-10-28 19:00:00,,Team Austin,1610616865,Melbourne,United,15016,118,117,1610616865,Regular Season,,Regular Season,,,19610,,nan Arena,,,"Brandon Adair, Tyler Ricks, Robert Hussey",2027-10-28 19:00:00
62500080,2028-05-01 20:00:00,,Team T-Mac,1610616864,Chicago,Packers,1610612764,86,89,1610612764,Regular Season,,Regular Season,,,19280,1000137,Intuit Dome,Inglewood,CA,"CJ Washington, J.T. Orr, Zach Zarba, Mitchell Ervin",2028-05-01 20:00:00
62500081,2027-10-31 20:00:00,Indiana,Pacers,1610612754,Miami,Heat,1610612748,110,106,1610612754,Playoffs,,East Conf. Finals,East Conf. Finals,Game 5,16702,1000063,Gainbridge Fieldhouse,Indianapolis,IN,"Klajdi Mulla, Brandon Adair, Tyler Ford",2027-10-31 20:00:00
62500082,2027-11-08 19:00:00,Phoenix,Suns,1610612756,San Diego,Rockets,1610612745,113,150,1610612745,Regular Season,,Regular Season,,,18346,1000159,Mortgage Matchup Center,Phoenix,AZ,"JB DeRosa, Josh Tiven, Kevin Scott, Nate Cearley",2027-11-08 19:00:00
62500083,2028-02-22 21:30:00,Portland,Trail Blazers,1610612757,San Diego,Clippers,1610612746,125,116,1610612757,Regular Season,,Regular Season,,,15583,51,Moda Center,Portland,OR,"Klajdi Mulla, Ray Acosta, Mitchell Ervin",2028-02-22 21:30:00
62500084,2028-05-05 19:00:00,Seattle,SuperSonics,1610612760,Denver,Nuggets,1610612743,101,113,1610612743,Regular Season,,Regular Season,,,16220,72,,,,"Courtney Kirkland, John Butler, Matt Kallio",2028-05-05 19:00:00
62500085,2028-02-25 20:00:00,Boston,Celtics,1610612738,Miami,Heat,1610612748,108,90,1610612738,Regular Season,,Regular Season,,,18839,17,TD Garden,Boston,MA,"Marat Kogut, Biniam Maru, Scott Foster",2028-02-25 20:00:00
62500086,2028-05-12 19:00:00,,Team Vince,1610616863,,Stars,1610616859,139,80,1610616863,Regular Season,,Regular Season,,,18539,,nan Arena,,,"Dedric Taylor, Nate Green, Kevin Cutler",2028-05-12 19:00:00
62500087,2027-10-11 22:30:00,San Antonio,Spurs,1610612759,Portland,Trail Blazers,1610612757,100,103,1610612757,Regular Season,,Regular Season,,,19720,1000118,Frost Bank Center,San Antonio,TX,"Leon Wood, Josh Tiven, Justin Van Duyne",2027-10-11 22:30:00
62500088,2028-02-20 19:30:00,Charlotte,Bobcats,1610612766,Milwaukee,Bucks,1610612749,99,117,1610612749,Regular Season,,Regular Season,,,19028,9,,,,"Josh Tiven, Brett Nansel, Tre Maddox",2028-02-20 19:30:00
62500089,2027-11-23 22:00:00,Chicago,Bulls,1610612741,Dallas,Mavericks,1610612742,128,104,1610612741,Regular Season,,Regular Season,,,17701,66,United Center,Chicago,IL,"Agon Abazi, Nick Buchert, Marat Kogut, Eric Lewis",2027-11-23 22:00:00
62500090,2027-11-15 20:30:00,Cleveland,Cavaliers,1610612739,New York,Nets,1610612751,95,105,1610612751,Regular Season,,Regular Season,,,17648,1000144,Rocket Arena,Cleveland,OH,"Marat Kogut, Sean Wright, Ed Malloy",2027-11-15 20:30:00
62500091,2028-05-24 20:00:00,Seattle,SuperSonics,1610612760,,Team Vince,1610616863,140,128,1610612760,Regular Season,,Regular Season,,,16536,72,,,,"Bill Kennedy, Agon Abazi, Ray Acosta",2028-05-24 20:00:00
62500092,2027-10-27 19:30:00,Milwaukee,Bucks,1610612749,Chicago,Packers,1610612764,80,105,1610612764,Regular Season,,Regular Season,,,19499,642,Fiserv Forum,Milwaukee,WI,"Nick Buchert, J.T. Orr, Simone Jelks",2027-10-27 19:30:00
62500093,2028-01-31 21:00:00,New York,Knicks,1610612752,Oklahoma City,Thunder,1610612760,99,80,1610612752,Regular Season,,Regular Season,,,17545,30,Madison Square Garden,New York,NY,"Eric Lewis, Tre Maddox, Brian Forte",2028-01-31 21:00:00
62500094,2028-05-24 19:00:00,Portland,Trail Blazers,1610612757,New York,Knicks,1610612752,113,114,1610612752,Regular Season,,Regular Season,,,19082,51,Moda Center,Portland,OR,"Sean Wright, Biniam Maru, Aaron Smith",2028-05-24 19:00:00
62500095,2028-05-21 20:00:00,,Stripes,1610616860,Phoenix,Suns,1610612756,101,98,1610616860,Regular Season,,Regular Season,,,18142,1000137,Intuit Dome,Inglewood,CA,"JB DeRosa, Sean Wright, Brent Haskill",2028-05-21 20:00:00
62500096,2028-04-30 20:30:00,Minnesota,Timberwolves,1610612750,Charlotte,Hornets,1610612766,131,108,1610612750,Regular Season,,Regular Season,,,15021,61,Target Center,Minneapolis,MN,"Zach Zarba, Mitchell Ervin, Scott Twardoski",2028-04-30 20:30:00
62500097,2027-12-16 20:30:00,Seattle,SuperSonics,1610612760,,Stars,1610616859,111,125,1610616859,Regular Season,,Regular Season,,,17827,72,,,,"Eric Lewis, Chelisa Painter, Ashley Moyer-Gleich",2027-12-16 20:30:00
62500098,2028-01-05 21:00:00,New York,Nets,1610612751,Dallas,Mavericks,1610612742,84,95,1610612742,Regular Season,,Regular Season,,,19684,461,Barclays Center,Brooklyn,NY,"Mark Lindsay, Tre Maddox, Pat O'Connell, Phenizee Ransom",2028-01-05 21:00:00
62500099,2028-04-13 20:00:00,Chicago,Zephyrs,1610612764,,Stripes,1610616860,102,128,1610616860,Regular Season,,Regular Season,,,19057,0,,,,"Mousa Dagher, Scott Foster, Mitchell Ervin",2028-04-13 20:00:00
62500100,2028-05-13 19:30:00,Chicago,Bulls,1610612741,Philadelphia,76ers,1610612755,80,88,1610612755,Regular Season,,Regular Season,,,15125,66,United Center,Chicago,IL,"Tre Maddox, Sean Corbin, John Butler",2028-05-13 19:30:00
62500101,2028-03-22 20:30:00,,Stripes,1610616860,Philadelphia,Warriors,1610612744,80,84,1610612744,Regular Season,,Regular Season,,,15657,1000137,Intuit Dome,Inglewood,CA,"Andy Nagy, Ashley Moyer-Gleich, Phenizee Ransom",2028-03-22 20:30:00
62500102,2028-06-06 22:00:00,Melbourne,United,15016,Rochester,Royals,1610612758,99,104,1610612758,Regular Season,,Regular Season,,,15560,,Melbourne Arena,Melbourne,,"Ray Acosta, Nick Buchert, Mark Lindsay",2028-06-06 22:00:00
62500103,2028-05-10 19:00:00,Chicago,Zephyrs,1610612764,San Antonio,Spurs,1610612759,106,135,1610612759,Regular Season,,Regular Season,,,18634,0,,,,"Zach Zarba, Kevin Cutler, Pat O'Connell",2028-05-10 19:00:00
62500104,2028-02-28 20:30:00,Dallas,Mavericks,1610612742,Ft. Wayne Zollner,Pistons,1610612765,91,108,1610612765,Regular Season,,Regular Season,,,18528,193,American Airlines Center,Dallas,TX,"Tyler Ricks, Suyash Mehta, Tre Maddox",2028-02-28 20:30:00
62500105,2027-12-27 19:00:00,,Team Austin,1610616865,Baltimore,Bullets,1610612764,103,102,1610616865,Regular Season,,Regular Season,,,19992,,nan Arena,,,"Bill Kennedy, Che Flores, Agon Abazi, Scott Twardoski",2027-12-27 19:00:00
62500106,2028-05-24 21:30:00,Orlando,Magic,1610612753,Portland,Trail Blazers,1610612757,107,111,1610612757,Regular Season,,Regular Season,,,18764,1000125,Kia Center,Orlando,FL,"Angel Kent, Marc Davis, Nick Buchert",2028-05-24 21:30:00
62500107,2027-12-20 19:30:00,Baltimore,Bullets,1610612764,,Team Vince,1610616863,97,131,1610616863,Regular Season,,Regular Season,,,17830,74,,,,"John Conley, Jenna Reneau, Nate Green",2027-12-20 19:30:00
62500108,2028-06-04 19:00:00,New York,Nets,1610612751,Miami,Heat,1610612748,103,110,1610612748,Playoffs,,West First Round,West First Round,Game 4,18124,461,Barclays Center,Brooklyn,NY,"Ben Taylor, Kevin Scott, Matt Myers",2028-06-04 19:00:00
62500109,2028-02-18 19:00:00,Seattle,SuperSonics,1610612760,Kansas City-Omaha,Kings,1610612758,99,105,1610612758,Regular Season,,Regular Season,,,19967,72,,,,"Nick Buchert, Mark Lindsay, Dedric Taylor, Eric Dalen",2028-02-18 19:00:00
62500110,2028-01-06 20:30:00,Portland,Trail Blazers,1610612757,Melbourne,United,15016,97,114,15016,Regular Season,,Regular Season,,,16120,51,Moda Center,Portland,OR,"Ray Acosta, Pat O'Connell, James Capers",2028-01-06 20:30:00
62500111,2028-04-04 21:00:00,Milwaukee,Bucks,1610612749,Cleveland,Cavaliers,1610612739,119,122,1610612739,Regular Season,,Regular Season,,,15738,642,Fiserv Forum,Milwaukee,WI,"Gediminas Petraitis, Aaron Smith, Leon Wood",2028-04-04 21:00:00
62500112,2028-04-05 20:30:00,Denver,Nuggets,1610612743,Toronto,Raptors,1610612761,117,111,1610612743,Regular Season,,Regular Season,,,16347,1000046,Ball Arena,Denver,CO,"Intae Hwang, Kevin Scott, Jacyn Goble",2028-04-05 20:30:00
62500113,2027-11-08 19:00:00,New York,Knicks,1610612752,New York,Nets,1610612751,113,92,1610612752,Regular Season,,Regular Season,,,18255,30,Madison Square Garden,New York,NY,"Brian Forte, Karl Lane, Angel Kent",2027-11-08 19:00:00
62500114,2027-12-03 20:30:00,Philadelphia,Warriors,1610612744,,Team Vince,1610616863,105,104,1610612744,Regular Season,,Regular Season,,,17147,1000011,Chase Center,San Francisco,CA,"John Conley, Danielle Scott, Jason Goldenberg, Mark Lindsay",2027-12-03 20:30:00
62500115,2028-03-16 20:00:00,,Stripes,1610616860,Oklahoma City,Thunder,1610612760,96,118,1610612760,Playoffs,,East Conf. Finals,East Conf. Finals,Game 5,15517,1000137,Intuit Dome,Inglewood,CA,"Zach Zarba, Tre Maddox, James Williams, Brent Haskill",2028-03-16 20:00:00
62500116,2028-06-09 19:00:00,Cleveland,Cavaliers,1610612739,Miami,Heat,1610612748,102,117,1610612748,Regular Season,,Regular Season,,,16923,1000144,Rocket Arena,Cleveland,OH,"Tony Brothers, Derrick Collins, Danielle Scott",2028-06-09 19:00:00
62500117,2028-05-02 20:00:00,Seattle,SuperSonics,1610612760,Chicago,Zephyrs,1610612764,100,106,1610612764,Regular Season,,Regular Season,,,18398,72,,,,"Simone Jelks, Marcy Williams, Tre Maddox",2028-05-02 20:00:00
62500118,2028-04-07 19:30:00,Charlotte,Hornets,1610612766,Cleveland,Cavaliers,1610612739,124,102,1610612766,Regular Season,,Regular Season,,,18642,9,Spectrum Center,Charlotte,NC,"Jenna Schroeder, Evan Scott, Danielle Scott",2028-04-07 19:30:00
62500119,2028-04-01 19:30:00,,Team Vince,1610616863,Charlotte,Bobcats,1610612766,102,114,1610612766,Regular Season,,Regular Season,,,17260,,nan Arena,,,"Robert Hussey, Derrick Collins, Brian Forte",2028-04-01 19:30:00
62500120,2027-10-11 19:30:00,Seattle,SuperSonics,1610612760,Milwaukee,Hawks,1610612737,110,100,1610612760,Playoffs,,West Conf. Finals,West Conf. Finals,Game 6,16995,72,,,,"Curtis Blair, Brent Barnaky, John Goble",2027-10-11 19:30:00
62500121,2028-01-15 20:00:00,Chicago,Packers,1610612764,,Team T-Mac,1610616864,133,117,1610612764,Regular Season,,Regular Season,,,16908,0,,,,"Courtney Kirkland, JB DeRosa, Ed Malloy",2028-01-15 20:00:00
62500122,2027-12-06 20:30:00,Charlotte,Hornets,1610612766,Orlando,Magic,1610612753,91,85,1610612766,Regular Season,,Regular Season,,,16429,9,Spectrum Center,Charlotte,NC,"Kevin Cutler, Mousa Dagher, Angel Kent",2027-12-06 20:30:00
62500123,2028-03-14 19:00:00,Vancouver,Grizzlies,1610612763,Phoenix,Suns,1610612756,117,111,1610612763,Regular Season,,Regular Season,,,17173,242,FedExForum,Memphis,TN,"Mousa Dagher, Aaron Smith, Suyash Mehta",2028-03-14 19:00:00
62500124,2027-11-02 20:30:00,New York,Knicks,1610612752,Chicago,Zephyrs,1610612764,105,89,1610612752,Regular Season,,Regular Season,,,17965,30,Madison Square Garden,New York,NY,"CJ Washington, Scott Foster, JD Ralls",2027-11-02 20:30:00
62500125,2028-03-03 20:00:00,Hapoel,Jerusalem B.C.,50014,Cleveland,Cavaliers,1610612739,80,127,1610612739,Regular Season,,Regular Season,,,15498,,Hapoel Arena,Hapoel,,"Marat Kogut, Jenna Reneau, Jason Goldenberg, Simone Jelks",2028-03-03 20:00:00
62500126,2027-11-07 19:30:00,Rochester,Royals,1610612758,Milwaukee,Bucks,1610612749,94,97,1610612749,Regular Season,,Regular Season,,,19983,0,,,,"John Goble, Mousa Dagher, Brandon Schwab",2027-11-07 19:30:00
62500127,2028-03-15 20:30:00,Hapoel,Jerusalem B.C.,50014,Melbourne,United,15016,114,121,15016,Regular Season,,Regular Season,,,18716,,Hapoel Arena,Hapoel,,"Evan Scott, James Williams, Eric Lewis, David Guthrie",2028-03-15 20:30:00
62500128,2028-01-25 20:30:00,Indiana,Pacers,1610612754,Milwaukee,Bucks,1610612749,109,95,1610612754,Regular Season,,Regular Season,,,18715,1000063,Gainbridge Fieldhouse,Indianapolis,IN,"Aaron Smith, Evan Scott, Phenizee Ransom, Jenna Reneau",2028-01-25 20:30:00
62500129,2028-04-09 19:30:00,Dallas,Mavericks,1610612742,Seattle,SuperSonics,1610612760,114,115,1610612760,Regular Season,,Regular Season,,,15549,193,American Airlines Center,Dallas,TX,"Brandon Adair, Brian Forte, Michael Smith",2028-04-09 19:30:00
62500130,2028-04-08 22:00:00,Philadelphia,76ers,1610612755,Chicago,Zephyrs,1610612764,85,82,1610612755,Regular Season,,Regular Season,,,19557,1000152,Xfinity Mobile Arena,Philadelphia,PA,"Mitchell Ervin, Dannica Baroody, Gina Catanzariti",2028-04-08 22:00:00
62500131,2028-04-28 20:30:00,Seattle,SuperSonics,1610612760,New York,Knicks,1610612752,96,121,1610612752,Regular Season,,Regular Season,,,15421,72,,,,"JB DeRosa, James Capers, Eric Dalen",2028-04-28 20:30:00
62500132,2028-01-17 19:30:00,Philadelphia,76ers,1610612755,,Team Austin,1610616865,110,123,1610616865,Regular Season,,Regular Season,,,16837,1000152,Xfinity Mobile Arena,Philadelphia,PA,"Brett Nansel, Dannica Baroody, Danielle Scott",2028-01-17 19:30:00
62500133,2028-02-20 20:00:00,New York,Knicks,1610612752,Chicago,Packers,1610612764,101,102,1610612764,Regular Season,,Regular Season,,,18515,30,Madison Square Garden,New York,NY,"Dedric Taylor, Biniam Maru, Kevin Cutler",2028-02-20 20:00:00
62500134,2028-03-07 20:30:00,San Diego,Rockets,1610612745,Charlotte,Hornets,1610612766,110,90,1610612745,Regular Season,,Regular Season,,,15050,215,Toyota Center,Houston,TX,"Courtney Kirkland, Curtis Blair, Marat Kogut",2028-03-07 20:30:00
62500135,2027-10-16 19:00:00,Minnesota,Timberwolves,1610612750,Orlando,Magic,1610612753,113,103,1610612750,Regular Season,,Regular Season,,,18081,61,Target Center,Minneapolis,MN,"Derrick Collins, Jacyn Goble, Tyler Ford, Danielle Scott",2027-10-16 19:00:00
62500136,2028-03-15 22:00:00,Miami,Heat,1610612748,Syracuse,Nationals,1610612755,115,96,1610612748,Regular Season,,Regular Season,,,15430,1000100,Kaseya Center,Miami,FL,"Tyler Ford, Bill Kennedy, Sha'Rae Mitchell",2028-03-15 22:00:00
62500137,2028-02-17 20:30:00,Baltimore,Bullets,1610612764,San Antonio,Spurs,1610612759,107,116,1610612759,Preseason,,Regular Season,,,18978,74,,,,"Aaron Smith, Biniam Maru, David Guthrie, Sean Wright",2028-02-17 20:30:00
62500138,2028-02-23 21:30:00,New York,Knicks,1610612752,Vancouver,Grizzlies,1610612763,107,91,1610612752,Playoffs,,West Conf. Semifinals,West Conf. Semifinals,Game 1,19316,30,Madison Square Garden,New York,NY,"Pat O'Connell, JD Ralls, Karl Lane",2028-02-23 21:30:00
62500139,2027-10-04 19:30:00,South East Melbourne,Phoenix,50013,Ft. Wayne Zollner,Pistons,1610612765,138,108,50013,Regular Season,,Regular Season,,,16730,,South East Melbourne Arena,South East Melbourne,,"Nate Green, Kevin Scott, Gediminas Petraitis",2027-10-04 19:30:00
62500140,2028-06-11 21:30:00,New York,Knicks,1610612752,Minneapolis,Lakers,1610612747,136,91,1610612752,Regular Season,,Regular Season,,,16439,30,Madison Square Garden,New York,NY,"Ashley Moyer-Gleich, Andy Nagy, Mark Lindsay",2028-06-11 21:30:00
62500141,2028-03-30 19:30:00,,World,1610616861,,Team T-Mac,1610616864,104,116,1610616864,Regular Season,,Regular Season,,,15346,,nan Arena,,,"Matt Myers, Derrick Collins, John Butler, Phenizee Ransom",2028-03-30 19:30:00
62500142,2028-05-01 20:00:00,,Team Austin,1610616865,Indiana,Pacers,1610612754,94,95,1610612754,Regular Season,,Regular Season,,,18318,,nan Arena,,,"Gediminas Petraitis, Rodney Mott, Bill Kennedy",2028-05-01 20:00:00
62500143,2028-04-03 19:30:00,New York,Nets,1610612751,Buffalo,Braves,1610612746,120,80,1610612751,Regular Season,,Regular Season,,,15867,461,Barclays Center,Brooklyn,NY,"Michael Smith, Mitchell Ervin, Marat Kogut",2028-04-03 19:30:00
62500144,2028-04-20 22:30:00,,Team Melo,1610616862,San Antonio,Spurs,1610612759,110,128,1610612759,Regular Season,,Regular Season,,,17781,1000137,Intuit Dome,Inglewood,CA,"Gina Catanzariti, Rodney Mott, John Butler",2028-04-20 22:30:00
62500145,2027-11-28 20:00:00,,World,1610616861,Melbourne,United,15016,114,116,15016,Regular Season,,Regular Season,,,17862,,nan Arena,,,"Courtney Kirkland, Che Flores, Jason Goldenberg",2027-11-28 20:00:00
62500146,2027-12-18 22:00:00,Orlando,Magic,1610612753,Philadelphia,Warriors,1610612744,87,128,1610612744,Playoffs,,West First Round,West First Round,Game 2,16451,1000125,Kia Center,Orlando,FL,"Marc Davis, Curtis Blair, Scott Twardoski, CJ Washington",2027-12-18 22:00:00
62500147,2028-03-14 22:30:00,Baltimore,Bullets,1610612764,,Team Austin,1610616865,104,98,1610612764,Regular Season,,Regular Season,,,16236,74,,,,"John Goble, Josh Tiven, J.T. Orr, Ray Acosta",2028-03-14 22:30:00
62500148,2028-03-29 20:00:00,Miami,Heat,1610612748,Charlotte,Hornets,1610612766,81,121,1610612766,Playoffs,,East Conf. Finals,East Conf. Finals,Game 1,17542,1000100,Kaseya Center,Miami,FL,"CJ Washington, Nate Cearley, Matt Kallio, Danielle Scott",2028-03-29 20:00:00
62500149,2027-11-16 20:30:00,San Diego,Clippers,1610612746,Minnesota,Timberwolves,1610612750,109,106,1610612746,Regular Season,,Regular Season,,,18790,1000137,Intuit Dome,Inglewood,CA,"CJ Washington, Ben Taylor, Natalie Sago",2027-11-16 20:30:00
62500150,2028-05-31 20:00:00,Dallas,Mavericks,1610612742,South East Melbourne,Phoenix,50013,83,94,50013,Regular Season,,Regular Season,,,15506,193,American Airlines Center,Dallas,TX,"Jason Goldenberg, Jacyn Goble, Brandon Adair, Scott Foster",2028-05-31 20:00:00
62500151,2027-10-21 19:30:00,Charlotte,Bobcats,1610612766,San Diego,Rockets,1610612745,109,106,1610612766,Play-in Tournament,,Regular Season,,,18599,9,,,,"Jenna Schroeder, Danielle Scott, Nick Buchert",2027-10-21 19:30:00
62500152,2028-03-22 21:00:00,New Orleans,Jazz,1610612762,Washington,Wizards,1610612764,106,103,1610612762,Regular Season,,Regular Season,,,17741,1000106,Delta Center,Salt Lake City,UT,"Gina Catanzariti, Evan Scott, Dannica Baroody",2028-03-22 21:00:00
62500153,2028-02-23 20:00:00,Baltimore,Bullets,1610612764,New Orleans,Jazz,1610612762,101,80,1610612764,Regular Season,,Regular Season,,,17730,74,,,,"Scott Twardoski, Courtney Kirkland, Brett Nansel",2028-02-23 20:00:00
62500154,2028-04-18 19:00:00,Miami,Heat,1610612748,Charlotte,Bobcats,1610612766,107,109,1610612766,Regular Season,,Regular Season,,,17536,1000100,Kaseya Center,Miami,FL,"Gina Catanzariti, Mousa Dagher, Suyash Mehta, Brian Forte",2028-04-18 19:00:00
62500155,2028-05-04 20:30:00,Charlotte,Bobcats,1610612766,Seattle,SuperSonics,1610612760,121,124,1610612760,Regular Season,,Regular Season,,,15149,9,,,,"James Capers, Jonathan Sterling, David Guthrie",2028-05-04 20:30:00
62500156,2028-06-05 19:00:00,Chicago,Bulls,1610612741,Tri-Cities,Blackhawks,1610612737,110,92,1610612741,Regular Season,,Regular Season,,,16126,66,United Center,Chicago,IL,"John Butler, Kevin Scott, Evan Scott",2028-06-05 19:00:00
62500157,2027-10-20 21:30:00,,World,1610616861,Tri-Cities,Blackhawks,1610612737,107,124,1610612737,Regular Season,,Regular Season,,,16073,,nan Arena,,,"Sean Corbin, Tyler Ford, Jonathan Sterling, Bill Kennedy",2027-10-20 21:30:00
62500158,2028-05-12 19:30:00,Boston,Celtics,1610612738,Syracuse,Nationals,1610612755,135,127,1610612738,Regular Season,,Regular Season,,,17984,17,TD Garden,Boston,MA,"J.T. Orr, Marcy Williams, Nick Buchert",2028-05-12 19:30:00
62500159,2028-05-17 19:00:00,Chicago,Packers,1610612764,Chicago,Zephyrs,1610612764,91,98,1610612764,Regular Season,,Regular Season,,,17535,0,,,,"Natalie Sago, Danielle Scott, Ben Taylor, J.T. Orr",2028-05-17 19:00:00
62500160,2028-02-22 22:30:00,New York,Nets,1610612751,Tri-Cities,Blackhawks,1610612737,115,121,1610612737,Regular Season,,Regular Season,,,19119,461,Barclays Center,Brooklyn,NY,"Tyler Ford, Pat Fraher, Dedric Taylor, Brent Haskill",2028-02-22 22:30:00
62500161,2028-06-03 22:30:00,Philadelphia,Warriors,1610612744,Ft. Wayne Zollner,Pistons,1610612765,99,97,1610612744,Regular Season,,Regular Season,,,19542,1000011,Chase Center,San Francisco,CA,"Justin Van Duyne, Robert Hussey, Nick Buchert",2028-06-03 22:30:00
62500162,2027-12-22 20:30:00,San Antonio,Spurs,1610612759,Chicago,Packers,1610612764,121,80,1610612759,Regular Season,,Regular Season,,,19205,1000118,Frost Bank Center,San Antonio,TX,"Michael Smith, Brian Forte, JD Ralls",2027-12-22 20:30:00
62500163,2027-10-14 20:00:00,Milwaukee,Bucks,1610612749,Vancouver,Grizzlies,1610612763,118,100,1610612749,Regular Season,,Regular Season,,,18247,642,Fiserv Forum,Milwaukee,WI,"Che Flores, Tony Brothers, Brandon Adair",2027-10-14 20:00:00
62500164,2027-10-15 20:00:00,New Orleans,Pelicans,1610612740,Portland,Trail Blazers,1610612757,127,103,1610612740,Regular Season,,Regular Season,,,17746,160,Smoothie King Center,New Orleans,LA,"Brent Haskill, Nate Cearley, Nick Buchert",2027-10-15 20:00:00
62500165,2028-05-28 20:00:00,,Stripes,1610616860,Buffalo,Braves,1610612746,120,107,1610616860,Playoffs,,NBA Finals,NBA Finals,Game 2,15649,1000137,Intuit Dome,Inglewood,CA,"Nate Green, David Guthrie, Sean Corbin",2028-05-28 20:00:00
62500166,2028-05-04 19:30:00,,Team T-Mac,1610616864,Syracuse,Nationals,1610612755,81,101,1610612755,Regular Season,,Regular Season,,,16946,1000137,Intuit Dome,Inglewood,CA,"Robert Hussey, Sha'Rae Mitchell, Che Flores",2028-05-04 19:30:00
62500167,2028-05-22 19:00:00,Washington,Wizards,1610612764,Melbourne,United,15016,105,108,15016,Regular Season,,Regular Season,,,19094,77,Capital One Arena,Washington,DC,"Ray Acosta, Sean Wright, Ben Taylor",2028-05-22 19:00:00
62500168,2027-12-13 20:30:00,Phoenix,Suns,1610612756,Rochester,Royals,1610612758,87,111,1610612758,Regular Season,,Regular Season,,,15012,1000159,Mortgage Matchup Center,Phoenix,AZ,"Che Flores, Ben Taylor, Aaron Smith",2027-12-13 20:30:00
62500169,2027-11-13 20:30:00,San Diego,Rockets,1610612745,Seattle,SuperSonics,1610612760,90,109,1610612760,Regular Season,,Regular Season,,,15554,215,Toyota Center,Houston,TX,"Tony Brothers, Josh Tiven, Pat O'Connell",2027-11-13 20:30:00
62500170,2028-04-09 20:00:00,Melbourne,United,15016,New Orleans,Jazz,1610612762,105,115,1610612762,Regular Season,,Regular Season,,,17925,,Melbourne Arena,Melbourne,,"Brett Nansel, Che Flores, Ray Acosta",2028-04-09 20:00:00
62500171,2028-03-19 19:00:00,Philadelphia,76ers,1610612755,Tri-Cities,Blackhawks,1610612737,99,95,1610612755,Regular Season,,Regular Season,,,17886,1000152,Xfinity Mobile Arena,Philadelphia,PA,"Leon Wood, Marc Davis, Intae Hwang",2028-03-19 19:00:00
62500172,2027-12-09 19:30:00,Melbourne,United,15016,San Diego,Rockets,1610612745,98,91,15016,Regular Season,,Regular Season,,,15302,,Melbourne Arena,Melbourne,,"Pat Fraher, Pat O'Connell, Phenizee Ransom",2027-12-09 19:30:00
62500173,2028-04-21 22:30:00,Miami,Heat,1610612748,,World,1610616861,85,99,1610616861,Regular Season,,Regular Season,,,17075,1000100,Kaseya Center,Miami,FL,"Natalie Sago, Nick Buchert, Eric Dalen",2028-04-21 22:30:00
62500174,2028-03-18 20:00:00,Tri-Cities,Blackhawks,1610612737,Ft. Wayne Zollner,Pistons,1610612765,134,102,1610612737,Regular Season,,Regular Season,,,18014,0,,,,"Marat Kogut, J.T. Orr, Tony Brothers, Jacyn Goble",2028-03-18 20:00:00
62500175,2028-06-11 20:30:00,San Diego,Rockets,1610612745,,Stars,1610616859,113,119,1610616859,Regular Season,,Regular Season,,,15676,215,Toyota Center,Houston,TX,"Brandon Adair, Michael Smith, Dedric Taylor, Jonathan Sterling",2028-06-11 20:30:00
62500176,2028-03-13 19:00:00,,Team Vince,1610616863,San Diego,Clippers,1610612746,104,99,1610616863,Regular Season,,Regular Season,,,17686,,nan Arena,,,"James Capers, CJ Washington, Dedric Taylor",2028-03-13 19:00:00
62500177,2027-12-25 21:30:00,Rochester,Royals,1610612758,Indiana,Pacers,1610612754,95,110,1610612754,Regular Season,,Regular Season,,,17879,0,,,,"Pat O'Connell, Eric Dalen, Marcy Williams, Michael Smith",2027-12-25 21:30:00
62500178,2027-10-30 19:30:00,Charlotte,Hornets,1610612766,Melbourne,United,15016,102,80,1610612766,Regular Season,,Regular Season,,,17976,9,Spectrum Center,Charlotte,NC,"Kevin Cutler, Courtney Kirkland, Dedric Taylor",2027-10-30 19:30:00
62500179,2027-10-18 19:00:00,Baltimore,Bullets,1610612764,Milwaukee,Bucks,1610612749,97,80,1610612764,Regular Season,,Regular Season,,,16933,74,,,,"Jenna Schroeder, Tony Brothers, Curtis Blair",2027-10-18 19:00:00
62500180,2027-12-18 21:30:00,Cleveland,Cavaliers,1610612739,South East Melbourne,Phoenix,50013,114,106,1610612739,Regular Season,,Regular Season,,,18038,1000144,Rocket Arena,Cleveland,OH,"J.T. Orr, John Butler, Ben Taylor",2027-12-18 21:30:00
62500181,2028-04-05 20:30:00,Toronto,Raptors,1610612761,,Team Melo,1610616862,92,103,1610616862,Regular Season,,Regular Season,,,17283,643,Scotiabank Arena,Toronto,ON,"James Williams, Kevin Cutler, Jonathan Sterling",2028-04-05 20:30:00
62500182,2028-04-16 20:00:00,,Stars,1610616859,,Team Melo,1610616862,83,105,1610616862,Regular Season,,Regular Season,,,17144,1000137,Intuit Dome,Inglewood,CA,"CJ Washington, David Guthrie, Marcy Williams",2028-04-16 20:00:00
62500183,2028-06-08 19:00:00,San Diego,Clippers,1610612746,Buffalo,Braves,1610612746,103,101,1610612746,Regular Season,,Regular Season,,,16111,1000137,Intuit Dome,Inglewood,CA,"CJ Washington, Leon Wood, J.T. Orr",2028-06-08 19:00:00
62500184,2028-03-12 21:30:00,San Antonio,Spurs,1610612759,Baltimore,Bullets,1610612764,96,87,1610612759,Regular Season,,Regular Season,,,15531,1000118,Frost Bank Center,San Antonio,TX,"Zach Zarba, Tyler Ford, John Conley",2028-03-12 21:30:00
62500185,2028-01-23 19:00:00,San Diego,Rockets,1610612745,New Orleans,Pelicans,1610612740,109,115,1610612740,Regular Season,,Regular Season,,,16137,215,Toyota Center,Houston,TX,"Agon Abazi, Kevin Cutler, Jenna Schroeder",2028-01-23 19:00:00
62500186,2028-04-06 20:00:00,,Team T-Mac,1610616864,,Team Austin,1610616865,105,123,1610616865,Regular Season,,Regular Season,,,15706,1000137,Intuit Dome,Inglewood,CA,"James Capers, Karl Lane, Intae Hwang",2028-04-06 20:00:00
62500187,2028-04-27 22:00:00,,Team Melo,1610616862,Washington,Wizards,1610612764,140,116,1610616862,Regular Season,,Regular Season,,,16026,1000137,Intuit Dome,Inglewood,CA,"John Butler, CJ Washington, Marc Davis",2028-04-27 22:00:00
62500188,2028-03-25 19:00:00,Baltimore,Bullets,1610612764,,Team Melo,1610616862,91,99,1610616862,Regular Season,,Regular Season,,,16057,74,,,,"Scott Foster, Matt Kallio, Robert Hussey, Justin Van Duyne",2028-03-25 19:00:00
62500189,2027-12-24 19:30:00,Orlando,Magic,1610612753,Miami,Heat,1610612748,126,84,1610612753,Regular Season,,Regular Season,,,16847,1000125,Kia Center,Orlando,FL,"Justin Van Duyne, Nick Buchert, Brandon Adair",2027-12-24 19:30:00
62500190,2028-02-18 19:30:00,Philadelphia,Warriors,1610612744,Denver,Nuggets,1610612743,86,110,1610612743,Regular Season,,Regular Season,,,19370,1000011,Chase Center,San Francisco,CA,"Scott Foster, Rodney Mott, Mitchell Ervin",2028-02-18 19:30:00
62500191,2027-12-27 21:30:00,Guangzhou,Loong-Lions,15018,Orlando,Magic,1610612753,99,93,15018,Regular Season,,Regular Season,,,19617,,Guangzhou Arena,Guangzhou,,"Kevin Cutler, Brandon Adair, Pat O'Connell",2027-12-27 21:30:00
62500192,2028-02-13 21:00:00,Charlotte,Bobcats,1610612766,Tri-Cities,Blackhawks,1610612737,97,90,1610612766,Regular Season,,Regular Season,,,19686,9,,,,"Bill Kennedy, John Conley, Kevin Cutler, Agon Abazi",2028-02-13 21:00:00
62500193,2028-02-26 21:30:00,Melbourne,United,15016,,Team Vince,1610616863,80,112,1610616863,Preseason,,Regular Season,,,18956,,Melbourne Arena,Melbourne,,"Marat Kogut, Zach Zarba, Derrick Collins",2028-02-26 21:30:00
62500194,2028-05-13 20:30:00,Minnesota,Timberwolves,1610612750,Buffalo,Braves,1610612746,102,89,1610612750,Playoffs,,East First Round,East First Round,Game 2,18804,61,Target Center,Minneapolis,MN,"Jacyn Goble, Dedric Taylor, Courtney Kirkland",2028-05-13 20:30:00
62500195,2028-03-12 21:30:00,Dallas,Mavericks,1610612742,Rochester,Royals,1610612758,109,106,1610612742,Regular Season,,Regular Season,,,18266,193,American Airlines Center,Dallas,TX,"Danielle Scott, Sean Wright, Dannica Baroody",2028-03-12 21:30:00
62500196,2027-12-02 20:30:00,Philadelphia,76ers,1610612755,Dallas,Mavericks,1610612742,113,88,1610612755,Playoffs,,West First Round,West First Round,Game 4,17030,1000152,Xfinity Mobile Arena,Philadelphia,PA,"Evan Scott, Sha'Rae Mitchell, Kevin Scott",2027-12-02 20:30:00
62500197,2028-05-02 19:00:00,New Orleans,Jazz,1610612762,Hapoel,Jerusalem B.C.,50014,135,125,1610612762,Regular Season,,Regular Season,,,17682,1000106,Delta Center,Salt Lake City,UT,"Natalie Sago, Tyler Ford, Agon Abazi",2028-05-02 19:00:00
62500198,2028-06-12 20:30:00,,World,1610616861,New York,Nets,1610612751,96,110,1610612751,Regular Season,,Regular Season,,,15189,,nan Arena,,,"Karl Lane, Scott Foster, Derrick Collins",2028-06-12 20:30:00
62500199,2028-03-29 19:00:00,Phoenix,Suns,1610612756,Milwaukee,Hawks,1610612737,110,80,1610612756,Regular Season,,Regular Season,,,17304,1000159,Mortgage Matchup Center,Phoenix,AZ,"JB DeRosa, Josh Tiven, Nick Buchert, Andy Nagy",2028-03-29 19:00:00
62500200,2028-05-08 19:30:00,Minneapolis,Lakers,1610612747,Philadelphia,76ers,1610612755,109,89,1610612747,Regular Season,,Regular Season,,,17996,1000069,Crypto.com Arena,Los Angeles,CA,"Jenna Schroeder, Pat O'Connell, Marat Kogut, Sha'Rae Mitchell",2028-05-08 19:30:00
62500201,2028-01-08 20:30:00,,Team Austin,1610616865,,Team T-Mac,1610616864,89,106,1610616864,Regular Season,,Regular Season,,,15602,,nan Arena,,,"Scott Foster, CJ Washington, Eric Lewis, Brandon Schwab",2028-01-08 20:30:00
