timestamp,dataset,algorithm,varied_param,param_variant,run,parameters,score,runtime_s
2026-04-12 01:17:28,b_read_on,simulated_annealing,initial_temp,1,1,initial_temp=100.0; cooling_rate=0.995; min_temp=0.001; max_iter=10000,5815400,17.358138
2026-04-12 01:17:28,b_read_on,simulated_annealing,initial_temp,2,1,initial_temp=1000.0; cooling_rate=0.995; min_temp=0.001; max_iter=10000,5818100,22.253303
2026-04-12 01:17:28,b_read_on,simulated_annealing,initial_temp,3,1,initial_temp=10000.0; cooling_rate=0.995; min_temp=0.001; max_iter=10000,5812300,21.974523
2026-04-12 01:17:28,b_read_on,simulated_annealing,initial_temp,4,1,initial_temp=100000.0; cooling_rate=0.995; min_temp=0.001; max_iter=10000,5802800,24.426889
2026-04-12 01:17:35,b_read_on,hill_climbing,max_iter,1,1,max_iter=50,4687700,0.378604
2026-04-12 01:17:35,b_read_on,hill_climbing,max_iter,2,1,max_iter=200,5231000,1.432641
2026-04-12 01:17:35,b_read_on,hill_climbing,max_iter,3,1,max_iter=300,5329700,2.245315
2026-04-12 01:17:35,b_read_on,hill_climbing,max_iter,4,1,max_iter=500,5455800,3.673966
2026-04-12 01:18:10,b_read_on,stochastic_hill_climbing,candidates,1,1,it=100; candidates=3,5065800,2.204546
2026-04-12 01:18:10,b_read_on,stochastic_hill_climbing,candidates,2,1,it=100; candidates=7,5325200,5.057643
2026-04-12 01:18:10,b_read_on,stochastic_hill_climbing,candidates,3,1,it=100; candidates=15,5375700,10.440577
2026-04-12 01:18:10,b_read_on,stochastic_hill_climbing,candidates,4,1,it=100; candidates=25,5240700,17.141346
2026-04-12 01:19:30,b_read_on,first_choice_hill_climbing,max_no_improvement,1,1,max_no_improvement=30,5377500,2.97617
2026-04-12 01:19:30,b_read_on,first_choice_hill_climbing,max_no_improvement,2,1,max_no_improvement=100,5181600,18.136798
2026-04-12 01:19:30,b_read_on,first_choice_hill_climbing,max_no_improvement,3,1,max_no_improvement=200,5478200,21.869003
2026-04-12 01:19:30,b_read_on,first_choice_hill_climbing,max_no_improvement,4,1,max_no_improvement=300,5612800,36.638688
2026-04-12 01:20:33,b_read_on,random_restart_hill_climbing,restarts,1,1,restarts=3; max_iter=200,5110400,4.109987
2026-04-12 01:20:33,b_read_on,random_restart_hill_climbing,restarts,2,1,restarts=8; max_iter=200,5285000,11.228541
2026-04-12 01:20:33,b_read_on,random_restart_hill_climbing,restarts,3,1,restarts=15; max_iter=200,5227200,20.381271
2026-04-12 01:20:33,b_read_on,random_restart_hill_climbing,restarts,4,1,restarts=20; max_iter=200,5273700,27.687653
2026-04-12 01:21:53,c_incunabula,simulated_annealing,initial_temp,1,1,initial_temp=100.0; cooling_rate=0.995; min_temp=0.001; max_iter=10000,1334637,19.617372
2026-04-12 01:21:53,c_incunabula,simulated_annealing,initial_temp,2,1,initial_temp=1000.0; cooling_rate=0.995; min_temp=0.001; max_iter=10000,1316208,20.629254
2026-04-12 01:21:53,c_incunabula,simulated_annealing,initial_temp,3,1,initial_temp=10000.0; cooling_rate=0.995; min_temp=0.001; max_iter=10000,1241019,19.421411
2026-04-12 01:21:53,c_incunabula,simulated_annealing,initial_temp,4,1,initial_temp=100000.0; cooling_rate=0.995; min_temp=0.001; max_iter=10000,1232259,19.381589
2026-04-12 01:21:54,c_incunabula,hill_climbing,max_iter,1,1,max_iter=50,889712,0.056838
2026-04-12 01:21:54,c_incunabula,hill_climbing,max_iter,2,1,max_iter=200,828552,0.172897
2026-04-12 01:21:54,c_incunabula,hill_climbing,max_iter,3,1,max_iter=300,898076,0.25921
2026-04-12 01:21:54,c_incunabula,hill_climbing,max_iter,4,1,max_iter=500,900826,0.475054
2026-04-12 01:21:58,c_incunabula,stochastic_hill_climbing,candidates,1,1,it=100; candidates=3,873762,0.260969
2026-04-12 01:21:58,c_incunabula,stochastic_hill_climbing,candidates,2,1,it=100; candidates=7,931697,0.631006
2026-04-12 01:21:58,c_incunabula,stochastic_hill_climbing,candidates,3,1,it=100; candidates=15,917807,1.302191
2026-04-12 01:21:58,c_incunabula,stochastic_hill_climbing,candidates,4,1,it=100; candidates=25,955522,2.164753
2026-04-12 01:21:59,c_incunabula,first_choice_hill_climbing,max_no_improvement,1,1,max_no_improvement=30,825346,0.036048
2026-04-12 01:21:59,c_incunabula,first_choice_hill_climbing,max_no_improvement,2,1,max_no_improvement=100,851219,0.087242
2026-04-12 01:21:59,c_incunabula,first_choice_hill_climbing,max_no_improvement,3,1,max_no_improvement=200,945564,0.182295
2026-04-12 01:21:59,c_incunabula,first_choice_hill_climbing,max_no_improvement,4,1,max_no_improvement=300,887730,0.248178
2026-04-12 01:22:07,c_incunabula,random_restart_hill_climbing,restarts,1,1,restarts=3; max_iter=200,920310,0.52481
2026-04-12 01:22:07,c_incunabula,random_restart_hill_climbing,restarts,2,1,restarts=8; max_iter=200,957829,1.419348
2026-04-12 01:22:07,c_incunabula,random_restart_hill_climbing,restarts,3,1,restarts=15; max_iter=200,957899,2.569799
2026-04-12 01:22:07,c_incunabula,random_restart_hill_climbing,restarts,4,1,restarts=20; max_iter=200,973061,3.536632
2026-04-12 02:36:55,d_tough_choices,simulated_annealing,initial_temp,1,1,initial_temp=100.0; cooling_rate=0.995; min_temp=0.001; max_iter=10000,4968210,1103.734415
2026-04-12 02:36:55,d_tough_choices,simulated_annealing,initial_temp,2,1,initial_temp=1000.0; cooling_rate=0.995; min_temp=0.001; max_iter=10000,4973475,1113.054821
2026-04-12 02:36:55,d_tough_choices,simulated_annealing,initial_temp,3,1,initial_temp=10000.0; cooling_rate=0.995; min_temp=0.001; max_iter=10000,4973020,1126.016725
2026-04-12 02:36:55,d_tough_choices,simulated_annealing,initial_temp,4,1,initial_temp=100000.0; cooling_rate=0.995; min_temp=0.001; max_iter=10000,4974125,1145.38919
2026-04-12 02:37:39,d_tough_choices,hill_climbing,max_iter,1,1,max_iter=50,4338555,2.152429
2026-04-12 02:37:39,d_tough_choices,hill_climbing,max_iter,2,1,max_iter=200,4343300,8.32008
2026-04-12 02:37:39,d_tough_choices,hill_climbing,max_iter,3,1,max_iter=300,4351295,12.530303
2026-04-12 02:37:39,d_tough_choices,hill_climbing,max_iter,4,1,max_iter=500,4346485,20.930134
2026-04-12 02:41:06,d_tough_choices,stochastic_hill_climbing,candidates,1,1,it=100; candidates=3,4344795,12.435404
2026-04-12 02:41:06,d_tough_choices,stochastic_hill_climbing,candidates,2,1,it=100; candidates=7,4347265,28.92157
2026-04-12 02:41:06,d_tough_choices,stochastic_hill_climbing,candidates,3,1,it=100; candidates=15,4351165,62.223569
2026-04-12 02:41:06,d_tough_choices,stochastic_hill_climbing,candidates,4,1,it=100; candidates=25,4348305,103.663973
2026-04-12 02:41:33,d_tough_choices,first_choice_hill_climbing,max_no_improvement,1,1,max_no_improvement=30,4341090,1.327456
2026-04-12 02:41:33,d_tough_choices,first_choice_hill_climbing,max_no_improvement,2,1,max_no_improvement=100,4355715,4.225481
2026-04-12 02:41:33,d_tough_choices,first_choice_hill_climbing,max_no_improvement,3,1,max_no_improvement=200,4344535,8.43843
2026-04-12 02:41:33,d_tough_choices,first_choice_hill_climbing,max_no_improvement,4,1,max_no_improvement=300,4347070,12.473806
2026-04-12 02:47:58,d_tough_choices,random_restart_hill_climbing,restarts,1,1,restarts=3; max_iter=200,4354285,26.292937
2026-04-12 02:47:58,d_tough_choices,random_restart_hill_climbing,restarts,2,1,restarts=8; max_iter=200,4356105,66.585707
2026-04-12 02:47:58,d_tough_choices,random_restart_hill_climbing,restarts,3,1,restarts=15; max_iter=200,4356755,124.999611
2026-04-12 02:47:58,d_tough_choices,random_restart_hill_climbing,restarts,4,1,restarts=20; max_iter=200,4358250,167.264632
2026-04-12 02:41:15,b_read_on,genetic_algorithm,generations,1,1,pop_size=20; generations=30; mutation_rate=0.03; elite_individ=5,5774800,5.157043
2026-04-12 02:41:19,b_read_on,genetic_algorithm,generations,2,1,pop_size=20; generations=15; mutation_rate=0.03; elite_individ=5,5770900,4.11585
2026-04-12 02:41:26,b_read_on,genetic_algorithm,generations,3,1,pop_size=20; generations=50; mutation_rate=0.03; elite_individ=5,5780400,6.540927
2026-04-12 02:41:34,b_read_on,genetic_algorithm,generations,4,1,pop_size=20; generations=75; mutation_rate=0.03; elite_individ=5,5771000,8.014889
2026-04-12 02:41:36,b_read_on,genetic_algorithm,pop_size,5,1,pop_size=10; generations=30; mutation_rate=0.03; elite_individ=5,5740200,2.516948
2026-04-12 02:41:46,b_read_on,genetic_algorithm,pop_size,6,1,pop_size=40; generations=30; mutation_rate=0.03; elite_individ=5,5784000,10.119979
2026-04-12 02:42:02,b_read_on,genetic_algorithm,pop_size,7,1,pop_size=60; generations=30; mutation_rate=0.03; elite_individ=5,5801600,15.590973
2026-04-12 02:42:07,b_read_on,genetic_algorithm,mutation_rate,8,1,pop_size=20; generations=30; mutation_rate=0.05; elite_individ=5,5762700,5.376261
2026-04-12 02:42:13,b_read_on,genetic_algorithm,mutation_rate,9,1,pop_size=20; generations=30; mutation_rate=0.1; elite_individ=5,5770200,5.230139
2026-04-12 02:42:18,b_read_on,genetic_algorithm,mutation_rate,10,1,pop_size=20; generations=30; mutation_rate=0.2; elite_individ=5,5772300,5.178983
2026-04-12 02:42:23,b_read_on,genetic_algorithm,elite_individ,11,1,pop_size=20; generations=30; mutation_rate=0.03; elite_individ=10,5772100,5.151803
2026-04-12 02:42:28,b_read_on,genetic_algorithm,elite_individ,12,1,pop_size=20; generations=30; mutation_rate=0.03; elite_individ=15,5763400,5.084422
2026-04-12 02:42:33,b_read_on,genetic_algorithm,elite_individ,13,1,pop_size=20; generations=30; mutation_rate=0.03; elite_individ=20,5739700,5.16937
2026-04-12 02:44:15,c_incunabula,genetic_algorithm,generations,1,1,pop_size=20; generations=30; mutation_rate=0.03; elite_individ=5,1305193,101.301231
2026-04-12 02:45:57,c_incunabula,genetic_algorithm,generations,2,1,pop_size=20; generations=15; mutation_rate=0.03; elite_individ=5,1289439,102.703441
2026-04-12 02:47:41,c_incunabula,genetic_algorithm,generations,3,1,pop_size=20; generations=50; mutation_rate=0.03; elite_individ=5,1271468,103.658454
2026-04-12 02:49:31,c_incunabula,genetic_algorithm,generations,4,1,pop_size=20; generations=75; mutation_rate=0.03; elite_individ=5,1270790,109.91398
2026-04-12 02:50:19,c_incunabula,genetic_algorithm,pop_size,5,1,pop_size=10; generations=30; mutation_rate=0.03; elite_individ=5,1285085,47.684326
2026-04-12 02:53:45,c_incunabula,genetic_algorithm,pop_size,6,1,pop_size=40; generations=30; mutation_rate=0.03; elite_individ=5,1319142,206.0344
2026-04-12 02:58:52,c_incunabula,genetic_algorithm,pop_size,7,1,pop_size=60; generations=30; mutation_rate=0.03; elite_individ=5,1310407,307.824221
2026-04-12 03:00:30,c_incunabula,genetic_algorithm,mutation_rate,8,1,pop_size=20; generations=30; mutation_rate=0.05; elite_individ=5,1316397,97.160419
2026-04-12 03:02:07,c_incunabula,genetic_algorithm,mutation_rate,9,1,pop_size=20; generations=30; mutation_rate=0.1; elite_individ=5,1313124,97.922555
2026-04-12 03:03:49,c_incunabula,genetic_algorithm,mutation_rate,10,1,pop_size=20; generations=30; mutation_rate=0.2; elite_individ=5,1318810,101.860122
2026-04-12 03:05:23,c_incunabula,genetic_algorithm,elite_individ,11,1,pop_size=20; generations=30; mutation_rate=0.03; elite_individ=10,1315884,93.632794
2026-04-12 03:07:02,c_incunabula,genetic_algorithm,elite_individ,12,1,pop_size=20; generations=30; mutation_rate=0.03; elite_individ=15,1300080,99.076105
2026-04-12 03:08:42,c_incunabula,genetic_algorithm,elite_individ,13,1,pop_size=20; generations=30; mutation_rate=0.03; elite_individ=20,1327321,99.903534
2026-04-12 05:04:10,d_tough_choices,genetic_algorithm,generations,1,1,pop_size=20; generations=30; mutation_rate=0.03; elite_individ=5,4974060,6927.814188
2026-04-12 06:57:55,d_tough_choices,genetic_algorithm,generations,2,1,pop_size=20; generations=15; mutation_rate=0.03; elite_individ=5,4974970,6825.320205
2026-04-12 08:48:03,d_tough_choices,genetic_algorithm,generations,3,1,pop_size=20; generations=50; mutation_rate=0.03; elite_individ=5,4976595,6607.32155
2026-04-12 10:38:33,d_tough_choices,genetic_algorithm,generations,4,1,pop_size=20; generations=75; mutation_rate=0.03; elite_individ=5,4974775,6630.426631
2026-04-12 11:35:14,d_tough_choices,genetic_algorithm,pop_size,5,1,pop_size=10; generations=30; mutation_rate=0.03; elite_individ=5,4977635,3400.617459
2026-04-12 15:25:13,d_tough_choices,genetic_algorithm,pop_size,6,1,pop_size=40; generations=30; mutation_rate=0.03; elite_individ=5,4976335,13799.906609
